{"IIII": -0.2590541222133719, "IIZI": -0.1607124910806731, "IIIZ": -0.1607124910806731, "ZIII": 0.14907478844731503, "IZII": 0.1490747884473151, "ZIZI": 0.11162723403394145, "IZIZ": 0.11162723403394145, "ZIIZ": 0.1592701574737577, "IZZI": 0.1592701574737577, "ZZII": 0.1611381637816487, "IIZZ": 0.16737125948304094, "YYXX": -0.047642923439816236, "XXYY": -0.047642923439816236, "YXXY": 0.047642923439816236, "XYYX": 0.047642923439816236}