{"IIZI": -0.36914431524376623, "IIIZ": -0.36914431524376623, "ZIII": 0.21393531024521234, "IZII": 0.2139353102452124, "IIII": 0.3798313517809536, "ZIZI": 0.13459240346368867, "IZIZ": 0.13459240346368867, "ZIIZ": 0.1768099603861226, "IZZI": 0.1768099603861226, "ZZII": 0.17992650976405974, "IIZZ": 0.1862098425924718, "YYXX": -0.04221755692243391, "XXYY": -0.04221755692243391, "YXXY": 0.04221755692243391, "XYYX": 0.04221755692243391}