{"IIZI": -0.24274280513140462, "IIIZ": -0.24274280513140462, "IIII": -0.04207897647782277, "IZII": 0.1777128746513994, "ZIII": 0.17771287465139946, "ZIZI": 0.12293305056183801, "IZIZ": 0.12293305056183801, "ZIIZ": 0.1676831945771896, "IZZI": 0.1676831945771896, "ZZII": 0.17059738328801052, "IIZZ": 0.1762764080431959, "YYXX": -0.04475014401535161, "XXYY": -0.04475014401535161, "YXXY": 0.04475014401535161, "XYYX": 0.04475014401535161}