{"IIIZ": -0.5499573668944504, "IIZI": -0.5499573668944503, "IZII": 0.2586915430145124, "ZIII": 0.25869154301451247, "IIII": 1.3007238601106923, "ZIZI": 0.14527088795921847, "IZIZ": 0.14527088795921847, "ZIIZ": 0.18547551776020088, "IZZI": 0.18547551776020088, "ZZII": 0.188004638994131, "IIZZ": 0.19623437361621424, "YYXX": -0.040204629800982446, "XXYY": -0.040204629800982446, "YXXY": 0.040204629800982446, "XYYX": 0.040204629800982446}