{"IIII": -0.3796856952521549, "IIZI": -0.10485576765626295, "IIIZ": -0.10485576765626288, "IZII": 0.12654010948892852, "ZIII": 0.12654010948892855, "ZIZI": 0.10102830027478386, "IZIZ": 0.10102830027478386, "ZIIZ": 0.15183385692994628, "IZZI": 0.15183385692994628, "ZZII": 0.1522929196343093, "IIZZ": 0.15936996928850883, "YYXX": -0.05080555665516241, "XXYY": -0.05080555665516241, "YXXY": 0.05080555665516241, "XYYX": 0.05080555665516241}