{"IIII": -0.4502725579035203, "IIZI": -0.06475435325883706, "IIIZ": -0.06475435325883705, "ZIII": 0.10835349970300544, "IZII": 0.10835349970300544, "ZIZI": 0.09129231879464919, "IZIZ": 0.09129231879464919, "ZZII": 0.1445692434209871, "ZIIZ": 0.1453966837005861, "IZZI": 0.1453966837005861, "IIZZ": 0.1521864096191104, "YYXX": -0.054104364905936904, "XXYY": -0.054104364905936904, "YXXY": 0.054104364905936904, "XYYX": 0.054104364905936904}