{"IIII": -0.5295500979123497, "IIIZ": 0.0006882073552802598, "IIZI": 0.0006882073552802737, "ZIII": 0.07143399587157664, "IZII": 0.07143399587157669, "ZIZI": 0.06805009439139972, "IZIZ": 0.06805009439139972, "ZZII": 0.12903785837274498, "ZIIZ": 0.13147770134455333, "IZZI": 0.13147770134455333, "IIZZ": 0.13572656315082732, "YYXX": -0.06342760695315362, "XXYY": -0.06342760695315362, "YXXY": 0.06342760695315362, "XYYX": 0.06342760695315362}