{"IIII": -0.49178577730353734, "IIZI": -0.03564481621009509, "IIIZ": -0.03564481621009509, "IZII": 0.0934564966770158, "ZIII": 0.09345649667701593, "ZIZI": 0.08253705488832759, "IZIZ": 0.08253705488832759, "ZZII": 0.13817584576560327, "ZIIZ": 0.13992103890325308, "IZZI": 0.13992103890325308, "IIZZ": 0.14585519030093114, "YYXX": -0.05738398401492549, "XXYY": -0.05738398401492549, "YXXY": 0.05738398401492549, "XYYX": 0.05738398401492549}