{"IIII": -0.5158513562713058, "IIZI": -0.01456337942221056, "IIIZ": -0.01456337942221056, "ZIII": 0.08128120726745831, "IZII": 0.08128120726745831, "ZIZI": 0.0748025839585289, "IZIZ": 0.0748025839585289, "ZZII": 0.1330615620954727, "ZIIZ": 0.13532079358830626, "IZZI": 0.13532079358830626, "IIZZ": 0.1403880956975497, "YYXX": -0.060518209629777345, "XXYY": -0.060518209629777345, "YXXY": 0.060518209629777345, "XYYX": 0.060518209629777345}