{"IIII": -0.5371947573937568, "IIZI": 0.011724677021414914, "IIIZ": 0.011724677021414942, "IZII": 0.06358474337832958, "ZIII": 0.0635847433783296, "ZIZI": 0.06219178251013234, "IZIZ": 0.06219178251013234, "ZZII": 0.12588467002099296, "ZIIZ": 0.12826517403002297, "IZZI": 0.12826517403002297, "IIZZ": 0.1317664815501073, "YYXX": -0.06607339151989065, "XXYY": -0.06607339151989065, "YXXY": 0.06607339151989065, "XYYX": 0.06607339151989065}